                  id                  | first_name |  last_name   |              email               |   gender    | age 
--------------------------------------+------------+--------------+----------------------------------+-------------+-----
 5994c3a6-e790-4edc-8aa0-a0bac58fdaf4 |            | Roswarne     | wroswarne0@wufoo.com             | Male        |  74
 13906732-b8a4-431f-9923-b13f4700783f |            | Lane         | slane1@booking.com               | Female      |  13
 be8aabe9-eb58-4838-9de7-d6fdc98b2225 |            | Steel        | rsteel2@aboutads.info            | Male        |  38
 13b20c10-bf29-4299-a7ff-1a3dfb58b914 |            | Gosforth     | jgosforth3@jimdo.com             | Female      |  22
 54fb272a-25ec-48ef-8062-517a6ba53d51 |            | Cowern       | gcowern4@delicious.com           | Non-binary  |  97
 231ebc93-fce3-4029-b6eb-77985043119d |            | Haliday      | dhaliday5@sfgate.com             | Male        | 109
 4cdbc185-2c1c-40d4-a9d1-5cedd87f95ff |            | Dossantos    | sdossantos6@tumblr.com           | Bigender    |  55
 b241c4b8-89dc-46d4-8778-34cfa7f6aea9 |            | Dumingo      | kdumingo7@ucla.edu               | Female      | 120
 88924641-c58d-4101-8df9-b0b7098d592f |            | Cumo         | acumo8@blogtalkradio.com         | Male        |  64
 6d64eefe-611d-4d04-a726-3d45f09da5c0 |            | Bourgeois    | mbourgeois9@github.com           | Female      |  91
 85b03f61-e6a1-4c0f-8303-b5e8e557928d |            | Ferrant      | rferranta@prlog.org              | Female      | 116
 094c572b-e761-4726-bdc6-7ef8fff58763 |            | Krugmann     | ekrugmannb@delicious.com         | Female      | 116
 5aaf0d3e-500c-46d1-b4a3-956eeae48df1 |            | Linkie       | clinkiec@archive.org             | Female      |  82
 01552354-5b37-4a5d-b62c-936e3c0b5b58 |            | Outridge     | noutridged@hud.gov               | Female      | 104
 8dd06f74-bab5-478b-921a-3ed0c056d519 |            | Pirdue       | jpirduee@google.es               | Genderfluid |  27
 58951170-d5d1-45bf-886f-31860ad5eb29 |            | Silversmidt  | rsilversmidtf@theatlantic.com    | Female      |  19
 be18690a-2a03-4aa6-8ac7-9062eb52c831 |            | Adamou       | tadamoug@furl.net                | Male        |  15
 cdd0a537-fb0e-42a7-ab9d-a8bce3108086 |            | Freezer      | rfreezerh@buzzfeed.com           | Female      |  45
 1aaeaa62-3dcf-4c53-98d3-a2fd06e6f8a7 |            | Allbones     | tallbonesi@auda.org.au           | Female      |  80
 170f38a5-8bcf-4868-95d0-152558f651f4 |            | Tyt          | ltytj@ca.gov                     | Female      |  34
 4e2f16fb-f44d-4a6c-b2cf-f043e9a3844e |            | Cannavan     | rcannavank@gravatar.com          | Female      |  58
 17c4e5a5-4301-4aa2-bc67-7be449742d3c |            | Taber        | staberl@ihg.com                  | Female      |  88
 34681f71-384e-46fc-8cce-fe7c4443a53f |            | Meegan       | kmeeganm@artisteer.com           | Genderfluid |  98
 bb82dc64-dc9b-454a-835f-13950c71f5bd |            | Pennrington  | apennringtonn@sourceforge.net    | Male        | 114
 3b2d7643-8d0c-4c3b-8f85-31e6000da87c |            | Livingstone  | clivingstoneo@usatoday.com       | Female      |   2
 9bdc0c13-4dce-4490-a2bc-6e6b7704dbb5 |            | Spurdens     | nspurdensp@latimes.com           | Female      | 111
 b3523492-922c-4366-bc1f-cfb0137944fe |            | Abbots       | rabbotsq@princeton.edu           | Male        | 138
 c8798de9-1552-4198-a002-e82f13d957b3 |            | Duffil       | cduffilr@nydailynews.com         | Female      | 100
 b3279dcd-4853-4fe9-bf5d-3834f99b6932 |            | Gabb         | jgabbs@google.es                 | Female      |  76
 cd2f115e-b7d4-45fb-b6bc-6eea13e8ec49 |            | Lyttle       | llyttlet@prnewswire.com          | Female      |  54
 271eb47e-662c-44f2-b1bb-21de28a12446 |            | Antony       | jantonyu@jigsy.com               | Female      | 120
 14d2e1ec-8f3e-4733-904b-ee6df9a65ffe |            | Arbuckle     | warbucklev@etsy.com              | Male        | 138
 0d8f41ee-82fa-4686-9b69-5fdfea9b0171 |            | Wildash      | jwildashw@surveymonkey.com       | Female      |  80
 50ba233a-8e1d-4a4d-a0e7-048c3c24e96a |            | Jerger       | mjergerx@drupal.org              | Male        |  78
 38a2b892-271d-40c2-a5d7-cf895f5f6e8c |            | McLean       | dmcleany@gov.uk                  | Male        | 133
 5524c43d-97dc-4bbb-873c-39f1796d4264 |            | O'Crevan     | jocrevanz@washingtonpost.com     | Male        | 128
 59f37bf3-ca68-44ce-b977-20861f7d8c5b |            | Bubbear      | wbubbear10@skyrock.com           | Male        | 100
 4c84676f-390e-46e3-a8f7-5c06fd93cee4 |            | Coysh        | acoysh11@multiply.com            | Female      |  55
 c82d3088-60db-4860-9c34-7793cb3f0955 |            | Corrington   | rcorrington12@unesco.org         | Female      |  87
 1664bdac-15cd-450d-ba03-b3fa6f9fb1c9 |            | Trustram     | mtrustram13@google.es            | Polygender  |  43
 7a278f5a-e217-4788-b230-85714fe7b498 |            | Ilson        | hilson14@e-recht24.de            | Male        |  63
 49769d6f-6db2-48c6-9d46-b56dded0771a |            | Hobbema      | khobbema15@imdb.com              | Male        | 114
 07b8913e-ecf3-4878-a03e-6aa1cc6815dd |            | Walthew      | swalthew16@toplist.cz            | Female      | 122
 00d1310c-47c4-4bf9-b105-d4eb7e78acd2 |            | Strafford    | dstrafford17@oakley.com          | Male        | 137
 f6e681fb-f860-419d-9c08-d7bb0653ecf6 |            | Johns        | kjohns18@nyu.edu                 | Male        | 115
 df4037f5-581b-4856-9d50-6b0f9c49a60f |            | Pedlow       | lpedlow19@springer.com           | Non-binary  |   9
 ce0314d1-9bfe-4198-afa5-d3e7198229f6 |            | McKimmie     | cmckimmie1a@china.com.cn         | Male        |  25
 663b96e9-4a6d-498a-b953-6869004ad9c1 |            | Asman        | jasman1b@goo.gl                  | Female      | 107
 ed965c70-1801-4f42-9c3e-64c6a50a877b |            | Speares      | dspeares1c@i2i.jp                | Female      |  12
 18b9b982-a94b-4c3f-861b-ac26e3da19b2 |            | Mallaby      | smallaby1d@nsw.gov.au            | Male        |  46
 53ac828b-e6d7-4922-bdfc-c0e440876957 |            | Baress       | mbaress1e@huffingtonpost.com     | Male        |  46
 3ed89020-122d-49a0-ab1a-a8166e500b42 |            | Nanninini    | gnanninini1f@scribd.com          | Male        |  25
 131b79b7-eaca-4e58-a078-3df4e8f84f64 |            | Wimbush      | kwimbush1g@yellowpages.com       | Female      | 114
 14c37908-d0f9-4687-b00a-c22702d33425 |            | Keys         | bkeys1h@nsw.gov.au               | Female      |  43
 6b40d558-cb8c-4153-a40f-c4b6585bacdf |            | Longmire     | hlongmire1i@utexas.edu           | Male        |  96
 f781d799-7f5f-411a-b66e-cb925a9c0bea |            | Yakovitch    | lyakovitch1j@1688.com            | Male        | 109
 a76132e3-4914-4789-bdab-42185eda2815 |            | Brimblecomb  | ebrimblecomb1k@ucoz.ru           | Male        |  80
 c0e7246b-1154-4e7a-a0f3-ace25e4c84df |            | Sturte       | fsturte1l@cbc.ca                 | Male        |  65
 44303b3f-eec1-4e1a-8df4-6316a05d00a4 |            | Swatland     | sswatland1m@senate.gov           | Female      | 101
 c2117033-4499-432c-b293-588d09c1eb6e |            | Edgecumbe    | gedgecumbe1n@cpanel.net          | Female      | 130
 cc1c21a5-72a2-4e93-80e5-1a3e7fb283cb |            | Lygo         | elygo1o@oracle.com               | Male        |  89
 2350829d-0d21-431a-9796-47504be3b32d |            | Fitzmaurice  | dfitzmaurice1p@canalblog.com     | Male        |  35
 e2691aaa-9ee7-45eb-9227-339d1ee5f9b6 |            | Sheehan      | ssheehan1q@multiply.com          | Female      | 113
 568675c3-b4ee-4eb6-8e2a-26bf45b6568e |            | Robker       | krobker1r@scribd.com             | Male        |  84
 cc25f477-e0d3-49f3-a471-ca5b81bde728 |            | Ricciardi    | kricciardi1s@gravatar.com        | Female      |  58
 244ef3ef-6637-4ce0-9d17-1c5b333816d1 |            | Lacase       | hlacase1t@dot.gov                | Male        |  27
 78852ae3-8293-49bd-9158-05fdf086b5de |            | Abisetti     | kabisetti1u@mozilla.org          | Male        |  32
 dc5a23d8-757f-42f5-a456-72e8471ea269 |            | Loughead     | sloughead1v@princeton.edu        | Male        |  17
 e6fde35e-db2f-4ce7-934d-7dc9ffa14e78 |            | Noddles      | knoddles1w@icq.com               | Male        |  12
 d860befd-db8b-4072-8eba-c53a53ed7174 |            | Marte        | gmarte1x@rakuten.co.jp           | Female      | 136
 8b39f73b-65ff-4c9e-b6d7-99189a2a1f1a |            | Ortelt       | mortelt1y@ezinearticles.com      | Female      |  65
 f98041c9-1084-4be3-89db-7822eafc071f |            | Benedick     | pbenedick1z@macromedia.com       | Female      |  87
 8738229a-9fa4-484e-91aa-13051c441a75 |            | Maffi        | gmaffi20@amazon.co.uk            | Male        |  97
 9003c2a6-a8f1-4dcc-8d5e-c426098da509 |            | Poge         | cpoge21@admin.ch                 | Female      |  61
 070f523d-b70d-4e40-a845-1949418ac3b0 |            | Blainey      | wblainey22@census.gov            | Male        |  84
 c21644a1-aefb-4956-9cbd-586dfc2e9e92 |            | Poulson      | jpoulson23@rediff.com            | Female      |  92
 50d75e63-53f1-4ee0-9353-5da24f311133 |            | Cluitt       | mcluitt24@europa.eu              | Male        |  29
 7c42b976-ac2a-4e09-8b81-44732be49739 |            | Fried        | zfried25@1688.com                | Male        |  22
 37e26645-f55d-4f38-ae47-2b84e80c9820 |            | Swyer        | tswyer26@tinyurl.com             | Female      |  40
 39c78967-03dd-4f06-ae2f-6ef1b9563d2a |            | Baison       | jbaison27@webeden.co.uk          | Female      | 121
 aa936bfc-e34d-467a-9f48-ba65e815dcf0 |            | Hinrichsen   | jhinrichsen28@geocities.com      | Female      |   8
 4a6c4e11-ea78-4877-9a61-a74c82ee77a7 |            | Rummer       | lrummer29@salon.com              | Female      | 129
 5f4a875c-c308-4a98-a8b2-dd75f326cf5f |            | Levensky     | dlevensky2a@jiathis.com          | Female      |  18
 20a98beb-49bd-497e-afd0-3019c4c67b22 |            | Purslow      | dpurslow2b@hibu.com              | Female      | 128
 07c38459-79ee-4d30-97dc-c7086d6551e8 |            | Gurley       | ogurley2c@blinklist.com          | Female      |  26
 83fad868-4ff3-42a1-9a4b-e6bce8a79a2e |            | Boddie       | eboddie2d@mail.ru                | Female      |  68
 05fa7399-2fbe-4693-8bb5-1947f2799367 |            | Plenderleith | aplenderleith2e@nsw.gov.au       | Female      |  66
 7c3f9171-6442-4530-8f67-579d02104dc9 |            | Dunabie      | gdunabie2f@state.tx.us           | Male        | 132
 0e41b7b5-4779-4aa4-9526-847d50d65a04 |            | Letts        | rletts2g@nytimes.com             | Male        |  18
 566b75b9-af3a-4da7-8b03-17e4e6c212fb |            | Oughtright   | doughtright2h@1688.com           | Female      |  92
 bbcabefa-f2e1-49ef-9d96-06cffc185d8b |            | Woolliams    | dwoolliams2i@github.io           | Female      |  42
 12221822-c120-4c87-a559-e5146128e226 |            | Toghill      | ptoghill2j@nasa.gov              | Female      |  79
 ccc4190b-6e4f-40c4-9691-f988dfc1342f |            | Paulus       | jpaulus2k@cisco.com              | Female      |  79
 6ebd8c09-b6eb-4f1d-8352-3a869724dd81 |            | Djakovic     | mdjakovic2l@tripod.com           | Female      |  13
 9624b1bf-c606-4dc8-8211-043837b479b5 |            | Petegre      | mpetegre2m@yellowpages.com       | Female      | 118
 4d31c37e-68f1-4f61-b65c-1b53b5d0dca4 |            | Chaffe       | wchaffe2n@hexun.com              | Male        |  29
 ed74f771-4670-462a-9abd-22620e8e14ad |            | Ridgewell    | pridgewell2o@symantec.com        | Male        | 107
 35fd03ca-921d-461b-b336-e1898e1fa4c0 |            | Carlile      | kcarlile2p@dot.gov               | Female      | 131
 e09d65b9-474b-4b1a-a846-28cd5139227f |            | Gatfield     | kgatfield2q@pagesperso-orange.fr | Female      |  14
(99 rows)

